id,label
0,0.99257374
1,0.0
2,0.03309059
3,0.99170506
4,0.995394
5,0.0
6,4.7337184e-10
7,0.0
8,0.0
9,6.9679177e-06
10,9.220218e-05
