id,label
0,0.9862253
1,0.0
2,0.28436154
3,0.992994
4,0.988417
5,0.0
6,1.4561121e-07
7,0.0
8,0.0
9,8.066623e-06
10,0.00057065487
